{
	"id": "70e8e6c7-638f-4478-ac2f-aef23a5bf5aa",
	"name": "Risk Modeler 2.0 Environment Template",
	"values": [
		{
			"key": "env_url",
			"value": "",
			"enabled": true
		},
		{
			"key": "user",
			"value": "",
			"enabled": true
		},
		{
			"key": "password",
			"value": "",
			"enabled": true
		},
		{
			"key": "edm_name",
			"value": "",
			"enabled": true
		},
		{
			"key": "auth_url",
			"value": "",
			"enabled": true
		},
		{
			"key": "tenantName",
			"value": "",
			"enabled": true
		}
	],
	"_postman_variable_scope": "environment",
	"_postman_exported_at": "2020-02-21T18:19:11.935Z",
	"_postman_exported_using": "Postman/7.18.1"
}