id,streetAddress,cityName,postalCode,admin1Code,countryRMSCode,countryScheme,countryCode,occScheme,occType,bldgScheme,bldgClass,yearBuilt,numOfStories,buildingValue,contentsValue,businessInterruptionValue
1,770 KEMP BOTTOM RD,VICKSBURG,39180,MS,US,ISO2A,US,ATC,30,ATC,0,0,0,946489527.5,0,0
2,2001 KINGSLEY AVE,ORANGE PARK,32073,FL,US,ISO2A,US,ATC,9,ATC,3,1974,4,35498982.2,0,0
3,1050 COUNTRY LN,ORLANDO,32804,FL,US,ISO2A,US,ATC,3,ATC,0,0,0,274744459,0,90705149.7
4,6675 US HIGHWAY 43,GUIN,35563,AL,US,ISO2A,US,ATC,12,ATC,9,1954,1,162759126.2,0,0
5,844 ENGLAND ST,JACKSONVILLE,32227,FL,US,ISO2A,US,ATC,4,ATC,1,1962,2,90047865.6,0,0
6,5775 PEACHTREE DUNWOODY RD NE,ATLANTA,30342,GA,US,ISO2A,US,ATC,8,ATC,0,1979,0,179307731.9,0,0
7,13001 SOUTHERN BLVD,LOXAHATCHEE,33470,FL,US,ISO2A,US,ATC,9,ATC,3,1986,1,34578761.8,0,0
8,8201 W BROWARD BLVD,PLANTATION,33324,FL,US,ISO2A,US,ATC,9,ATC,3,1975,3,36163765,0,0
9,660 W SAVANNAH CIR,ORLANDO,32830,FL,US,ISO2A,US,ATC,10,ATC,0,0,0,324241328.4,88799000.4,150325633.7
10,1918 UNIVERSITY BLVD,BIRMINGHAM,35294,AL,US,ISO2A,US,ATC,25,ATC,6,2005,14,100373248.8,0,0
11,1400 STATE DOCKS RD,DECATUR,35601,AL,US,ISO2A,US,ATC,15,ATC,4,1970,1,345991800,0,0
12,1792 ANDREW JACKSON CT,PENSACOLA,32508,FL,US,ISO2A,US,ATC,4,ATC,1,1900,2,67980171.6,0,0
13,8605 LARGO LAKES DR,LARGO,33773,FL,US,ISO2A,US,ATC,8,ATC,0,1989,1,9790292.6,0,0
14,4955 MASON RD,ATLANTA,30349,GA,US,ISO2A,US,ATC,12,ATC,9,2000,1,0,270786047.4,268891445.9
15,72 MARIETTA ST NW,ATLANTA,30303,GA,US,ISO2A,US,ATC,8,ATC,6,1971,8,227842712.9,0,43399957.7
16,5353 S STATE ROAD 7,DAVIE,33314,FL,US,ISO2A,US,ATC,0,RMS,45,0,0,46029019.3,1716000,12448859.5
17,2450 GALLERIA PKWY SE,ATLANTA,30339,GA,US,ISO2A,US,ATC,3,ATC,3,1903,14,51612319,0,0
18,1183 COUNTY ROAD,BLUE SPRINGS,38828,MS,US,ISO2A,US,ATC,18,ATC,0,0,0,302500000,0,0
19,5637 MARINE PKWY,NEW PORT RICHEY,34652,FL,US,ISO2A,US,ATC,9,ATC,1,1971,2,43259832,0,0
20,13615 OLD HIGHWAY 61 N,ROBINSONVILLE,38664,MS,US,ISO2A,US,ATC,10,ATC,0,0,0,518460800,125373600,168676200
21,3704 LOUIS RICH RD,NEWBERRY,29108,SC,US,ISO2A,US,ATC,14,ATC,10,0,0,68688400,0,0
22,400 S BUNCOMBE RD,GREER,29650,SC,US,ISO2A,US,ATC,38,ATC,3,1976,0,25538961.8,0,0
23,2751 S DIXIE HWY,WEST PALM BEACH,33405,FL,US,ISO2A,US,ATC,8,ATC,0,0,0,101772267.3,0,0
24,5301 S CONGRESS AVE,LAKE WORTH,33462,FL,US,ISO2A,US,ATC,9,ATC,3,1965,6,136491247.2,0,0
25,300 NISSAN DR,CANTON,39046,MS,US,ISO2A,US,ATC,12,ATC,2,2003,1,526409482.5,0,0
26,COPE STEAM ELECTRIC PLANT,COPE,29038,SC,US,ISO2A,US,ATC,33,ATC,9,0,0,719387314.8,0,0
27,1 PLASTICS DR,LOWNDESBORO,36752,AL,US,ISO2A,US,ATC,12,ATC,9,1987,4,59816452.3,1033505013,351784211.9
28,1050 VERN CORA RD,LAURENS,29360,SC,US,ISO2A,US,ATC,6,RMS,4,1988,2,66002176.9,229496337.4,0
29,271 WORLD DR,ORLANDO,32830,FL,US,ISO2A,US,ATC,10,ATC,0,0,0,324241328.4,88799000.4,150325633.7
30,148 INDUSTRIAL BLVD,EATONTON,31024,GA,US,ISO2A,US,ATC,5,ATC,0,1968,0,13728000,0,0
31,280 BEACH BLVD,BILOXI,39530,MS,US,ISO2A,US,ATC,10,ATC,0,0,0,123200000,68200000,109440100
32,3602 PORT SUTTON RD,TAMPA,33619,FL,US,ISO2A,US,ATC,30,ATC,0,0,0,1021490570,0,0
33,60 HERRING RD,NEWNAN,30265,GA,US,ISO2A,US,ATC,6,ATC,9,1999,3,195198603.6,0,0
34,401 NW 42ND AVE,PLANTATION,33317,FL,US,ISO2A,US,ATC,9,ATC,3,1969,3,56760000,0,0
35,188 HALEY AVE BLDG 1,SAVANNAH,31409,GA,US,ISO2A,US,ATC,4,ATC,1,1953,2,50598220.2,0,0
36,100 BEST BUY DRIVE,DUBLIN,31021,GA,US,ISO2A,US,ATC,5,ATC,0,0,0,50050000,0,0
37,T0501 MAIN CAMPUS,AUBURN,36830,AL,US,ISO2A,US,ATC,10,ATC,6,1980,5,132144657.7,0,0
38,,SOUTH BAY,33493,FL,US,ISO2A,US,ATC,14,ATC,9,1945,4,60361400,0,0
39,1390 MAGIC KINGDOM DR,ORLANDO,32830,FL,US,ISO2A,US,ATC,10,ATC,0,0,0,324241328.4,88799000.4,150325633.7
40,5300 CURETON FERRY RD,CATAWBA,29704,SC,US,ISO2A,US,ATC,12,ATC,0,0,0,175102400,0,0
41,ATHENS HWY AT MINERAL SPRINGS RD,ELBERTON,30635,GA,US,ISO2A,US,ATC,38,ATC,3,0,0,11336787,0,0
42,3434 PEACHTREE RD NE,ATLANTA,30326,GA,US,ISO2A,US,ATC,3,ATC,0,1983,22,28831867.9,79144873.5,34105913.6
43,40 PERIMETER CTR E,ATLANTA,30346,GA,US,ISO2A,US,ATC,14,ATC,0,1977,2,18068688,0,0
44,3001 W DR MARTIN LUTHER KING JR BLVD,TAMPA,33607,FL,US,ISO2A,US,ATC,9,FIRE,5,1964,8,297907689.2,0,0
45,1567 LUKKEN INDUSTRIAL DR W,LAGRANGE,30240,GA,US,ISO2A,US,ATC,15,RMS,0,0,0,59365093.7,0,0
46,3464 MIKE PADGETT HWY,AUGUSTA,30906,GA,US,ISO2A,US,ATC,15,RMS,4A,1963,1,105539500,0,0
47,2201 ORLEANS DR.,ORLANDO,32830,FL,US,ISO2A,US,ATC,3,ATC,0,0,0,324241328.4,88799000.4,150325633.7
48,1400 MURPHY AVE SW,ATLANTA,30310,GA,US,ISO2A,US,ATC,14,ATC,9,1938,0,41848400,0,0
49,1700 CENTER ST,MOBILE,36604,AL,US,ISO2A,US,ATC,19,ATC,9,2006,3,62504422.2,0,0
50,4224 METRIC DR,WINTER PARK,32792,FL,US,ISO2A,US,ATC,6,ATC,0,1984,1,97985.1125,258568695.8,0
51,1 E TELECOM PKWY,TAMPA,33637,FL,US,ISO2A,US,ATC,8,RMS,3A,1986,3,213070556.6,234782495.2,0
52,5700 VALLEY RD,FAIRFIELD,35064,AL,US,ISO2A,US,ATC,16,ATC,0,0,0,956986800,0,0
53,5223 ORIENT RD,TAMPA,33610,FL,US,ISO2A,US,ATC,3,ATC,7,2004,14,113268101.1,0,0
54,4000 VILLAGE VIEW DRIVE,GAINESVILLE,30506,GA,US,ISO2A,US,ATC,4,ATC,10,2001,6,97093568,3366000,4675000
55,3900 MOTORS INDUSTRIAL WAY,ATLANTA,30360,GA,US,ISO2A,US,ATC,12,ATC,9,1940,1,471179923.5,1118012025,438467469
56,3393 PEACHTREE RD NE,ATLANTA,30326,GA,US,ISO2A,US,ATC,5,ATC,6,1959,4,28831867.9,79144873.5,34105913.6
57,735-755 E BAY ST,JACKSONVILLE,32202,FL,US,ISO2A,US,ATC,14,ATC,6,0,0,177711534,0,22609456.1
58,815 JOHN BECK DOCKINS RD,RABUN GAP,30568,GA,US,ISO2A,US,ATC,13,ATC,0,0,0,39108522.2,0,0
59,3015 COAST LINE DR,ORLANDO,32808,FL,US,ISO2A,US,ATC,6,ATC,16,1975,1,75961864,0,0
60,3301 COLLEGE AVE,DAVIE,33314,FL,US,ISO2A,US,ATC,4,RMS,6,2007,5,46029019.3,1716000,12448859.5
61,1800 5TH AVENUE SOUTH,BIRMINGHAM,35294,AL,US,ISO2A,US,ATC,25,ATC,6,2004,13,100373248.8,0,0
62,6550 W HILLSBOROUGH AVE,TAMPA,33634,FL,US,ISO2A,US,ATC,8,ATC,9,1999,3,60045542.7,133976125.8,0
63,1411 HURON ST,JACKSONVILLE,32254,FL,US,ISO2A,US,ATC,14,ATC,0,1968,1,17351187.7,0,0
64,201 MONROE ST,MONTGOMERY,36104,AL,US,ISO2A,US,ATC,23,ATC,6,1996,24,120134638.8,0,0
65,6205 PEACHTREE DUNWOODY RD NE,ATLANTA,30328,GA,US,ISO2A,US,ATC,8,ATC,0,0,0,124906936,0,0
66,2175 EPCOT RESORTS BLVD,ORLANDO,32830,FL,US,ISO2A,US,ATC,3,ATC,0,0,0,324241328.4,88799000.4,150325633.7
67,10540 DUKE DR,ALPHARETTA,30004,GA,US,ISO2A,US,ATC,35,ATC,0,2002,0,39697944,126227579.5,0
68,20900 BISCAYNE BLVD,MIAMI,33180,FL,US,ISO2A,US,ATC,9,ATC,3,1972,9,17778690.6,67469834.3,39838126.9
69,1700 EPCOT RESORTS BLVD,ORLANDO,32830,FL,US,ISO2A,US,ATC,3,ATC,0,1990,5,324241328.4,88799000.4,150325633.7
70,4900 CAYMAN WAY,ORLANDO,32830,FL,US,ISO2A,US,ATC,3,ATC,0,0,0,324241328.4,88799000.4,150325633.7
71,201 S BISCAYNE BLVD,MIAMI,33131,FL,US,ISO2A,US,ATC,8,ATC,10,1983,34,198019558,0,0
72,1506 BUSHY PARK RD,GOOSE CREEK,29445,SC,US,ISO2A,US,ATC,15,ATC,0,0,0,1133550000,8015880.4,324812400
73,3575 HIGHWAY 52,GOOSE CREEK,29445,SC,US,ISO2A,US,ATC,16,ATC,0,0,0,1133550000,8015880.4,324812400
74,1000 MAR WALT DR,FORT WALTON BEACH,32547,FL,US,ISO2A,US,ATC,9,ATC,3,1973,4,48863395.9,0,0
75,6000 SOUTH TERMINAL PARKWAY,ATLANTA,30320,GA,US,ISO2A,US,ATC,11,ATC,6,1980,4,228937495.6,0,0
76,3130 BERKELEY LAKE RD,NORCROSS,30071,GA,US,ISO2A,US,ATC,38,ATC,0,0,0,10877029.94,27796855.54,0
77,1691 NW 31ST AVE,FORT LAUDERDALE,33311,FL,US,ISO2A,US,ATC,34,ATC,9,1954,1,15067043.2,151194704.1,0
78,5629 STATE ROAD 16 W,STARKE,32091,FL,US,ISO2A,US,ATC,37,ATC,10,1995,1,0,0,0
79,1 VALPAK AVENUE NORTH,SAINT PETERSBURG,33716,FL,US,ISO2A,US,ATC,8,ATC,0,0,0,180093749,0,0
80,4401 GRAND FLORIDIAN,ORLANDO,32830,FL,US,ISO2A,US,ATC,3,ATC,0,0,0,324241328.4,88799000.4,150325633.7
81,501 REDMOND RD NW,ROME,30165,GA,US,ISO2A,US,ATC,9,ATC,2,1972,5,48871177.3,0,0
82,1700 MEDICAL WAY,SNELLVILLE,30078,GA,US,ISO2A,US,ATC,9,ATC,3,1994,4,56005885.1,0,0
83,19999 E COUNTRY CLUB DR,MIAMI,33180,FL,US,ISO2A,US,ATC,3,ATC,3,1994,7,17778690.6,67469834.3,39838126.9
84,9 BYPASS,LANCASTER,29720,SC,US,ISO2A,US,ATC,15,RMS,0,0,0,53521074.2,0,0
85,1502 BUENA VISTA DR.,ORLANDO,32830,FL,US,ISO2A,US,ATC,5,ATC,0,0,0,324241328.4,88799000.4,150325633.7
86,901 TIMBERLINE DR,ORLANDO,32830,FL,US,ISO2A,US,ATC,3,ATC,0,1994,7,324241328.4,88799000.4,150325633.7
87,1200 7TH AVE N,SAINT PETERSBURG,33705,FL,US,ISO2A,US,ATC,9,FIRE,5,1950,6,163886330.3,0,0
88,1021 CASINO CENTER DR,ROBINSONVILLE,38664,MS,US,ISO2A,US,ATC,10,ATC,0,0,0,518460800,125373600,168676200
89,1200 FACILITIES WAY,ORLANDO,32830,FL,US,ISO2A,US,ATC,7,ATC,0,0,0,324241328.4,88799000.4,150325633.7
90,6509 BUNDY AVE,FORT STEWART,31315,GA,US,ISO2A,US,ATC,4,ATC,1,1957,2,196558144.2,0,0
91,100 N TAMPA ST,TAMPA,33602,FL,US,ISO2A,US,ATC,8,ATC,9,1992,38,195546736,0,16280000
92,UNIVERSITY,TUSCALOOSA,35401,AL,US,ISO2A,US,ATC,10,ATC,6,2000,3,126561215,0,0
93,5680 NEW NORTHSIDE DR NW,ATLANTA,30328,GA,US,ISO2A,US,ATC,8,ATC,9,1981,2,124906936,0,0
94,BROAD STREET,WILLIAMSTON,29697,SC,US,ISO2A,US,ATC,15,ATC,0,0,0,59752381.7,0,0
95,3661 EISENHOWER PKWY,MACON,31206,GA,US,ISO2A,US,ATC,5,ATC,0,1975,3,169950550,0,0
96,SALUDA HYDRO DAM,COLUMBIA,29212,SC,US,ISO2A,US,ATC,33,ATC,0,0,0,387935933,0,0
97,300 LUKKEN INDUSTRIAL DR W,LAGRANGE,30240,GA,US,ISO2A,US,ATC,15,ATC,0,0,0,59365093.7,0,0
98,8383 N DAVIS HWY,PENSACOLA,32514,FL,US,ISO2A,US,ATC,9,ATC,2,1976,7,93758647.4,0,0
99,210 PEACHTREE ST NW,ATLANTA,30303,GA,US,ISO2A,US,ATC,3,ATC,6,1976,73,227842712.9,0,43399957.7
100,1510 N COVE RD,ORLANDO,32830,FL,US,ISO2A,US,ATC,10,ATC,0,1991,0,324241328.4,88799000.4,150325633.7
101,1395 HIGHWAY 72 W,ABBEVILLE,29620,SC,US,ISO2A,US,ATC,15,ATC,0,0,0,55468007.1,0,0
102,2525 1ST ST,FORT MYERS,33901,FL,US,ISO2A,US,ATC,4,ATC,10,1980,20,55117447,0,0
103,700 W OAK ST,KISSIMMEE,34741,FL,US,ISO2A,US,ATC,9,ATC,1,1997,5,85829246.8,0,0
104,"12400 HIGHWAY 43 N., AXIS, AL  36505",AXIS,36505,AL,US,ISO2A,US,ATC,16,ATC,0,0,0,82741903.85,0,292316216.5
105,,BIRMINGHAM,,AL,US,ISO2A,US,ATC,23,ATC,0,0,1,0,0,0
106,500 MINNESOTA AVE,PANAMA CITY,32403,FL,US,ISO2A,US,ATC,4,ATC,1,1955,2,97447621.7,0,0
107,1401 W SEMINOLE BLVD,SANFORD,32771,FL,US,ISO2A,US,ATC,9,ATC,3,1982,3,38002311.6,0,0
108,210 RECKER HWY,AUBURNDALE,33823,FL,US,ISO2A,US,ATC,34,ATC,9,1986,1,21457753.9,126221054.3,0
109,CANADYS STEAM ELECTRIC PLANT,WALTERBORO,29488,SC,US,ISO2A,US,ATC,33,ATC,2,0,0,667748013.9,0,0
110,620 19TH ST S,BIRMINGHAM,35233,AL,US,ISO2A,US,ATC,23,ATC,9,1979,9,97187968.9,0,0
111,3531 PORT & HARBOR DRIVE,PEARLINGTON,39572,MS,US,ISO2A,US,ATC,12,ATC,9,1981,2,97569959.3,443905344.3,175849015.1
112,8592 ROSWELL RD,ATLANTA,30350,GA,US,ISO2A,US,ATC,4,ATC,3,1992,8,61729836.3,0,0
113,2626 CAPITAL MEDICAL BLVD,TALLAHASSEE,32308,FL,US,ISO2A,US,ATC,9,ATC,3,2003,6,47771887.9,0,0
114,6000 N TERMINAL PKWY,ATLANTA,30320,GA,US,ISO2A,US,ATC,0,ATC,28,0,0,228937495.6,0,0
115,85 BEECO RD,GREER,29650,SC,US,ISO2A,US,ATC,38,ATC,14,1991,0,25538961.8,0,0
116,SC HIGHWAY 114,UNION,29379,SC,US,ISO2A,US,ATC,15,ATC,0,0,0,71103661.2,0,0
117,232 SOUTH INDUSTRIAL PARK,MORVIN,36762,AL,US,ISO2A,US,ATC,20,ATC,3,1998,2,63635455.4,0,0
118,513 LIBERT EXPRESSWAY SOUTHWEST,ALBANY,31705,GA,US,ISO2A,US,ATC,15,RMS,4A,1971,1,267117665.1,0,0
119,552 HYATT ST,GAFFNEY,29341,SC,US,ISO2A,US,ATC,12,ATC,0,0,0,65019889.53,148539645.8,203650321.8
120,1510 AVENUE OF THE STARS,ORLANDO,32830,FL,US,ISO2A,US,ATC,10,ATC,0,0,0,324241328.4,88799000.4,150325633.7
121,225 E COASTLINE DR,JACKSONVILLE,32202,FL,US,ISO2A,US,ATC,3,RMS,3,0,17,177711534,0,22609456.1
122,701 EASLEY BRIDGE RD,GREENVILLE,29611,SC,US,ISO2A,US,ATC,15,ATC,0,0,0,97504161.7,0,0
123,1001 RED HAT RD,DECATUR,35601,AL,US,ISO2A,US,ATC,12,ATC,10,0,4,345991800,0,0
124,PHIPPS BLVD NE AT ALEXANDER CIR NE,ATLANTA,30326,GA,US,ISO2A,US,ATC,18,ATC,12,0,22,28831867.9,79144873.5,34105913.6
125,5600 W SAND LAKE RD,ORLANDO,32819,FL,US,ISO2A,US,ATC,12,ATC,9,1960,1,366424217.5,859214611.2,248110973
126,SOUTH JACKSON STREET,BARNWELL,29812,SC,US,ISO2A,US,ATC,15,ATC,0,0,0,72444865.9,0,0
127,5100 KETTERING RD,BROOKSVILLE,34602,FL,US,ISO2A,US,ATC,6,RMS,4,1992,2,52862572.4,148860890.2,0
128,LIGHTHOUSE RD,CAPE CANAVERAL,32920,FL,US,ISO2A,US,ATC,37,ATC,0,0,0,586058,0,0
129,1400 E DUVAL ST,JACKSONVILLE,32202,FL,US,ISO2A,US,ATC,10,ISO,6,1995,3,177711534,0,22609456.1
130,120 MOON ACRES RD,PIEDMONT,29673,SC,US,ISO2A,US,ATC,12,ATC,0,0,0,64737998.63,733582110.5,84336755.58
131,RT 7 - 505 BROWN INDUSTRIAL PKWY,CANTON,30114,GA,US,ISO2A,US,ATC,38,ATC,0,0,0,3323536.166,32631091.43,0
132,2975 EVERGREEN DR,DULUTH,30096,GA,US,ISO2A,US,ATC,6,ATC,10,1991,1,26539700,0,0
133,50 N RIPLEY ST,MONTGOMERY,36104,AL,US,ISO2A,US,ATC,23,ATC,6,1989,6,120134638.8,0,0
134,A M WILLIAMS STEAM ELECTRIC PLANT CHARLESTON: (BUSHY PARK),CHARLESTON,29402,SC,US,ISO2A,US,ATC,33,ATC,0,0,0,706821849.8,0,0
135,33 GUADALCANAL ST,GOOSE CREEK,29445,SC,US,ISO2A,US,ATC,4,ATC,1,1942,2,1133550000,8015880.4,324812400
136,1425 PERIMETER RD,GREENVILLE,29605,SC,US,ISO2A,US,ATC,12,ATC,9,1971,8,79563189.2,125053808,109997760.4
137,URQUHART,BEECH ISLAND,29842,SC,US,ISO2A,US,ATC,33,ATC,2,1950,0,473328091.5,0,0
138,2200 GERMANTOWN RD,DELRAY BEACH,33445,FL,US,ISO2A,US,ATC,8,RMS,2,1985,4,15176208.3,0,0
139,6600 POWERS FERRY RD NW,ATLANTA,30339,GA,US,ISO2A,US,ATC,18,ATC,6,0,7,51612319,0,0
140,299 AJ RIGGS RD,STATESBORO,30458,GA,US,ISO2A,US,ATC,6,RMS,4,0,2,100332424.5,350132995.3,0
141,455 GRAND BAY DR,KEY BISCAYNE,33149,FL,US,ISO2A,US,ATC,3,ATC,12,2000,14,195624000,0,0
142,CAMPUS WIDE,TUSCALOOSA,,AL,US,ISO2A,US,ATC,23,ATC,0,0,1,0,0,0
143,960 JOE FRANK HARRIS PKWY SE,CARTERSVILLE,30120,GA,US,ISO2A,US,ATC,9,ATC,3,1985,3,55858661.1,0,0
144,3800 CITIBANK CTR,TAMPA,33610,FL,US,ISO2A,US,ATC,8,ATC,10,1998,3,113268101.1,0,0
145,1633 N BAYSHORE DR,MIAMI,33132,FL,US,ISO2A,US,ATC,3,ATC,10,1982,32,110592277.4,0,0
146,7205 CAMPBELLTON RD SW,ATLANTA,30331,GA,US,ISO2A,US,ATC,0,RMS,45,0,0,0,0,0
147,4351 INDUSTRIAL ACCESS RD,DOUGLASVILLE,30134,GA,US,ISO2A,US,ATC,34,ATC,9,1970,2,27156990.3,186200865.4,0
148,250 GA HIGHWAY 247 SPUR,PERRY,31069,GA,US,ISO2A,US,ATC,18,ATC,6,0,0,33830500,0,0
149,13031 WYANDOTTE ROAD,APOLLO BEACH,33572,FL,US,ISO2A,US,ATC,30,ATC,0,0,0,2180479524,0,0
150,X0402 COLLEGE AND THACH,AUBURN,36830,AL,US,ISO2A,US,ATC,25,ATC,6,1962,5,132144657.7,0,0
151,101 LEAF LAKE PARKWAY,BIRMINGHAM,35211,AL,US,ISO2A,US,ATC,8,ATC,9,0,1,136007638.8,0,0
152,12401 INTERNATIONAL DR,ORLANDO,32821,FL,US,ISO2A,US,ATC,18,ATC,3,0,6,51700000,0,0
153,3625 UNIVERSITY BLVD S,JACKSONVILLE,32216,FL,US,ISO2A,US,ATC,9,RMS,2C,1969,2,79819204.3,0,0
154,7303 N KENDALL DR,MIAMI,33156,FL,US,ISO2A,US,ATC,5,ATC,6,1962,3,27217559.6,98630635.4,70629330.2
155,1000 UNIVERSAL STUDIOS PLZ,ORLANDO,32819,FL,US,ISO2A,US,ATC,10,ATC,0,0,0,366424217.5,859214611.2,248110973
156,1111 HARRY BYRD HWY,DARLINGTON,29532,SC,US,ISO2A,US,ATC,37,RMS,45,0,0,0,0,0
157,907 WEST AVE,CEDARTOWN,30125,GA,US,ISO2A,US,ATC,13,ATC,0,0,0,24220486.4,0,0
158,6175 GREENBRIER RD,MADISON,35756,AL,US,ISO2A,US,ATC,6,RMS,3B,2000,1,56147220.8,0,0
159,1800 SE TIFFANY AVE,PORT SAINT LUCIE,34952,FL,US,ISO2A,US,ATC,9,ATC,3,1983,5,34427011.3,0,0
160,W BEACH BLVD AT 30TH AVE,GULFPORT,39501,MS,US,ISO2A,US,ATC,29,ATC,0,0,0,364277.1,0,0
161,8701 WORLD CENTER DR,ORLANDO,32821,FL,US,ISO2A,US,ATC,10,ATC,0,0,0,51700000,0,0
162,200 EXCELSIOR MILL RD,PENDLETON,29670,SC,US,ISO2A,US,ATC,15,ATC,0,0,0,66337377.7,0,0
163,17589 PLANT ROAD AND HIGHWAY 235 NORTH,CHILDERSBURG,35044,AL,US,ISO2A,US,ATC,12,ATC,0,0,0,295783400,0,0
164,1600 N BUENA VISTA DR,ORLANDO,32830,FL,US,ISO2A,US,ATC,10,ATC,0,0,0,324241328.4,88799000.4,150325633.7
165,12700 SPINE ROAD,ATLANTA,30320,GA,US,ISO2A,US,ATC,28,ATC,5,1995,5,228937495.6,0,0
166,"BLDG 29603 BARNES AVE, 2ND FLOOR",AUGUSTA,30905,GA,US,ISO2A,US,ATC,4,ATC,1,1942,0,84376100.6,0,0
167,2201 45TH ST,WEST PALM BEACH,33407,FL,US,ISO2A,US,ATC,9,ATC,3,1986,1,66693684.2,0,0
168,13350 US HIGHWAY 19 N,CLEARWATER,33764,FL,US,ISO2A,US,ATC,8,ATC,3,1964,0,67795026.2,0,0
169,7356 PULASKI PIKE,TONEY,35773,AL,US,ISO2A,US,ATC,12,ATC,0,0,0,112679600,0,0
170,6455 BEST FRIEND RD,NORCROSS,30071,GA,US,ISO2A,US,ATC,8,ATC,0,0,0,10877029.94,27796855.54,0
171,911 N DAVIS AVE,CLEVELAND,38732,MS,US,ISO2A,US,ATC,13,ATC,0,0,0,75289500,0,0
172,7755 POLK LN,OLIVE BRANCH,38654,MS,US,ISO2A,US,ATC,6,ATC,0,0,0,64783400,0,0
173,1 VERIZON PL,ALPHARETTA,30004,GA,US,ISO2A,US,ATC,8,ATC,9,1998,3,39697944,126227579.5,0
174,101 E KENNEDY BLVD,TAMPA,33602,FL,US,ISO2A,US,ATC,8,ATC,3,1984,42,195546736,0,16280000
175,3424 PEACHTREE RD NE,ATLANTA,30326,GA,US,ISO2A,US,ATC,8,ATC,0,0,23,28831867.9,79144873.5,34105913.6
176,23315 BLUE WATER CIR,BOCA RATON,33433,FL,US,ISO2A,US,ATC,4,ATC,3,1985,5,96276675,7293000,10722800
177,9995 STATE ROAD 37 S,MULBERRY,33860,FL,US,ISO2A,US,ATC,30,ATC,0,1990,1,727034983.4,0,0
178,48 OAKRIDGE RD,SAINT MARYS,31558,GA,US,ISO2A,US,ATC,4,ATC,1,1981,2,55188223.2,0,0
179,AIKEN VERENES IND.PK.,AIKEN,29801,SC,US,ISO2A,US,ATC,9,ATC,0,0,0,32948506.18,0,0
180,BROWNWOOD AVENUE,LAGRANGE,30240,GA,US,ISO2A,US,ATC,15,ATC,0,0,0,59365093.7,0,0
181,300 WATER ST,JACKSONVILLE,32202,FL,US,ISO2A,US,ATC,10,ISO,4,1963,3,177711534,0,22609456.1
182,1 LINDE DR,MOBILE,36611,AL,US,ISO2A,US,ATC,15,ATC,18,1965,0,83887650,0,0
183,1 GRAND CYPRESS BLVD,ORLANDO,32836,FL,US,ISO2A,US,ATC,3,RMS,3,1983,19,343200000,0,33052785.7
184,US HIGHWAY 15 & 401 NORTH,SOCIETY HILL,29593,SC,US,ISO2A,US,ATC,13,ATC,0,1965,3,30993147.9,0,0
185,1504 BAY RD,MIAMI,33139,FL,US,ISO2A,US,ATC,2,ATC,0,1962,15,163530947.8,3491228.4,9450774.3
186,803 N MAPLE ST,SIMPSONVILLE,29681,SC,US,ISO2A,US,ATC,12,ATC,0,0,0,102300000,0,0
187,255 PRESERVE DR.,ATHENS,30606,GA,US,ISO2A,US,ATC,18,ATC,1,2007,3,29379189.4,0,0
188,5001 COCONUT RD,BONITA SPRINGS,34134,FL,US,ISO2A,US,ATC,3,RMS,3,0,18,140849280,0,20560549.9
189,14000 FIVAY RD,HUDSON,34667,FL,US,ISO2A,US,ATC,9,ATC,1,1981,3,46311046.1,0,0
190,1000 W BUENA VISTA DR,ORLANDO,32830,FL,US,ISO2A,US,ATC,3,ATC,0,0,0,324241328.4,88799000.4,150325633.7
191,1125 B NORTHBROOK PARKWAY,SUWANEE,30174,GA,US,ISO2A,US,ATC,38,ATC,0,0,0,19876428,17116000,0
192,2434 DOUG BARNARD PKWY,AUGUSTA,30906,GA,US,ISO2A,US,ATC,12,ATC,0,1970,0,105539500,0,0
193,303 N LAURA ST,JACKSONVILLE,32202,FL,US,ISO2A,US,ATC,23,ISO,6,2005,4,177711534,0,22609456.1
194,615 18TH ST S,BIRMINGHAM,35294,AL,US,ISO2A,US,ATC,25,ATC,9,1991,10,100373248.8,0,0
195,86 COBB PKWY S,MARIETTA,30063,GA,US,ISO2A,US,ATC,28,ATC,6,1943,3,29896243.3,1578442867,63242389.1
196,1780 BUENA VISTA DR.,ORLANDO,32830,FL,US,ISO2A,US,ATC,10,ATC,0,0,0,324241328.4,88799000.4,150325633.7
197,1802 JIM JOHNSON RD,PLANT CITY,33566,FL,US,ISO2A,US,ATC,6,ATC,16,1991,1,81912477.9,0,0
198,1200 7 SEAS DR,ORLANDO,32830,FL,US,ISO2A,US,ATC,10,ATC,0,0,0,324241328.4,88799000.4,150325633.7
199,244 TERMINAL RD,GREENVILLE,29605,SC,US,ISO2A,US,ATC,7,ATC,9,1940,4,79563189.2,125053808,109997760.4
200,4900 BUFFINGTON RD,ATLANTA,30349,GA,US,ISO2A,US,ATC,0,RMS,45,0,0,0,270786047.4,268891445.9
201,7730 INDIAN OAKS DR,VERO BEACH,32966,FL,US,ISO2A,US,ATC,4,ATC,3,1990,3,68018403.2,6171000,14204300
202,1 MERCEDES DR,VANCE,35490,AL,US,ISO2A,US,ATC,12,ATC,0,0,0,696400420.3,2602144388,535799405.4
203,,ORLANDO,32830,FL,US,ISO2A,US,ATC,10,ATC,0,0,0,324241328.4,88799000.4,150325633.7
204,3651 WHEELER RD,AUGUSTA,30909,GA,US,ISO2A,US,ATC,9,ATC,3,1972,6,42972375.6,0,0
205,19501 BISCAYNE BLVD,MIAMI,33180,FL,US,ISO2A,US,ATC,5,ATC,0,1983,3,17778690.6,67469834.3,39838126.9
206,300 GARLINGTON RD # 500,GREENVILLE,29615,SC,US,ISO2A,US,ATC,30,ATC,9,1971,1,191480368.2,1649143466,1024275530
207,1701 W BUENA VISTA DR,ORLANDO,32830,FL,US,ISO2A,US,ATC,3,ATC,0,0,0,324241328.4,88799000.4,150325633.7
208,300 PINELLAS ST,CLEARWATER,33756,FL,US,ISO2A,US,ATC,9,FIRE,6,1953,8,311072903.9,0,0
209,CAPE RD,CAPE CANAVERAL,32920,FL,US,ISO2A,US,ATC,37,ATC,0,0,0,586058,0,0
210,1600 SEVEN SEAS DR,ORLANDO,32830,FL,US,ISO2A,US,ATC,3,ATC,0,0,0,324241328.4,88799000.4,150325633.7
211,201 OXNARD DRIVE,SAVANNAH,31407,GA,US,ISO2A,US,ATC,14,ATC,0,0,0,136076635.2,0,0
212,1515 W BELLA VISTA ST,LAKELAND,33805,FL,US,ISO2A,US,ATC,6,ATC,10,2003,1,12644500,0,0
213,3038 JOHN HANCOCK CT,JACKSONVILLE,32221,FL,US,ISO2A,US,ATC,4,ATC,1,1940,2,48415514.4,0,0
214,6500 W NEWBERRY RD,GAINESVILLE,32605,FL,US,ISO2A,US,ATC,9,ATC,1,1973,6,62701321.1,0,0
215,280 VANDERBILT BEACH RD,NAPLES,34108,FL,US,ISO2A,US,ATC,3,ATC,0,1985,14,125315227.4,0,0
216,655 SW 52ND AVE,OCALA,34474,FL,US,ISO2A,US,ATC,6,ATC,16,1991,1,39437851.2,0,0
217,1431 SW 1ST AVE,OCALA,34474,FL,US,ISO2A,US,ATC,9,ATC,1,1977,1,39437851.2,0,0
218,1700 S 23RD ST,FORT PIERCE,34950,FL,US,ISO2A,US,ATC,9,ATC,3,1977,5,38098452.7,0,0
219,HIGHWAY 5,BLACKSBURG,29702,SC,US,ISO2A,US,ATC,15,ATC,0,0,0,39739932.1,0,0
220,120 PEARY CT,KEY WEST,33040,FL,US,ISO2A,US,ATC,4,ATC,1,1941,2,84269037.6,0,0
221,SC MCMEEKIN STEAM ELECTRIC PLANT,COLUMBIA,29212,SC,US,ISO2A,US,ATC,33,ATC,0,0,0,387935933,0,0
222,265 PEACHTREE CENTER AVE NE,ATLANTA,30303,GA,US,ISO2A,US,ATC,3,ATC,10,0,50,227842712.9,0,43399957.7
223,700 S FLORIDA AVE,TAMPA,33602,FL,US,ISO2A,US,ATC,3,ATC,0,0,27,195546736,0,16280000
224,2250 INDIAN CREEK BLVD W,VERO BEACH,32966,FL,US,ISO2A,US,ATC,4,ATC,3,1988,3,68018403.2,6171000,14204300
225,4600 N WORLD DR,ORLANDO,32830,FL,US,ISO2A,US,ATC,3,ATC,0,1971,15,324241328.4,88799000.4,150325633.7
226,301 N ALEXANDER ST,PLANT CITY,33563,FL,US,ISO2A,US,ATC,9,FIRE,6,1986,4,96395663.1,0,0
227,WATEREE STEAM ELECTRIC PLANT,EASTOVER,29044,SC,US,ISO2A,US,ATC,33,ATC,2,0,0,963427951.2,0,0
228,1750 JESSE JEWELL PKWY SE,GAINESVILLE,30501,GA,US,ISO2A,US,ATC,15,ATC,0,1901,0,82473646.2,0,0
229,3231 N MCMULLEN BOOTH RD,CLEARWATER,33761,FL,US,ISO2A,US,ATC,9,FIRE,6,1985,5,178819579.4,0,0
230,9330 MEDICAL PLAZA DR,CHARLESTON,29406,SC,US,ISO2A,US,ATC,9,ATC,3,1975,7,89570013.5,0,0
231,8005 POLK LN,OLIVE BRANCH,38654,MS,US,ISO2A,US,ATC,6,ATC,0,0,0,64783400,0,0
232,11624 S. DISTRIBUTION CV.,OLIVE BRANCH,38654,MS,US,ISO2A,US,ATC,6,ATC,0,0,0,64783400,0,0
233,1 SEMINOLE WAY,FORT LAUDERDALE,33314,FL,US,ISO2A,US,ATC,3,ATC,5,2004,17,46029019.3,1716000,12448859.5
234,11801 W COLONIAL DR,OCOEE,34761,FL,US,ISO2A,US,ATC,0,RMS,45,0,0,0,0,0
235,JASPER,HARDEEVILLE,29927,SC,US,ISO2A,US,ATC,33,ATC,2,0,0,587167936.3,0,0
236,2901 OSCEOLA PKWY,ORLANDO,32830,FL,US,ISO2A,US,ATC,3,ATC,0,2001,0,324241328.4,88799000.4,150325633.7
237,500 CAMPUS DR,TUSCALOOSA,35487,AL,US,ISO2A,US,ATC,23,ATC,6,2004,3,92919707.1,0,0
238,5152 COLUMBIA DR,CARROLLTON,30117,GA,US,ISO2A,US,ATC,6,ATC,9,1980,0,0,0,0
239,5800 WINDWARD PKWY,ALPHARETTA,30005,GA,US,ISO2A,US,ATC,8,ATC,9,1996,4,86707500,0,0